"MIT/ast-finetuned-audioset-10-10-0.4593",523957253
"google-bert/bert-base-uncased",61886790
"openai/clip-vit-large-patch14",45689576
"sentence-transformers/all-MiniLM-L6-v2",32025916
"laion/CLIP-ViT-B-32-laion2B-s34B-b79K",29493699
"distilbert/distilbert-base-uncased",21089279
"jonatasgrosman/wav2vec2-large-xlsr-53-english",20993632
"openai/clip-vit-base-patch32",16793115
"sentence-transformers/all-mpnet-base-v2",16136503
"openai/clip-vit-base-patch16",14244350
"nomic-ai/nomic-embed-text-v1.5",13913788
"jonatasgrosman/wav2vec2-large-xlsr-53-arabic",12201610
"FacebookAI/roberta-large",11967731
"timm/resnet50.a1_in1k",11812770
"google/vit-base-patch16-224-in21k",10989541
"pyannote/segmentation-3.0",10251514
"FacebookAI/roberta-base",10216093
"openai-community/gpt2",9752368
"CompVis/stable-diffusion-safety-checker",9176869
"google/vit-base-patch16-224",8972395
"FacebookAI/xlm-roberta-large",8767180
"facebook/contriever",8550182
"openai/clip-vit-large-patch14-336",7705317
"pyannote/wespeaker-voxceleb-resnet34-LM",7051953
"colbert-ir/colbertv2.0",6949484
"Qwen/Qwen-VL-Chat",6744109
"stabilityai/stable-diffusion-xl-base-1.0",6597600
"M-CLIP/XLM-Roberta-Large-Vit-B-32",6484219
"FacebookAI/xlm-roberta-base",6275516
"distilbert/distilbert-base-uncased-finetuned-sst-2-english",6083530
"pyannote/speaker-diarization-3.1",5898526
"google-t5/t5-small",5571598
"sentence-transformers/all-MiniLM-L12-v2",5459966
"wukevin/tcr-bert",5334354
"kresnik/wav2vec2-large-xlsr-korean",5203155
"google-bert/bert-base-multilingual-cased",5202071
"microsoft/deberta-base",5156005
"allenai/longformer-base-4096",5113512
"google-bert/bert-base-cased",4764817
"runwayml/stable-diffusion-v1-5",4527934
"google-t5/t5-base",4476653
"mrm8488/distilroberta-finetuned-financial-news-sentiment-analysis",4456843
"pyannote/segmentation",4449224
"facebook/bart-large-cnn",4022246
"pyannote/speaker-diarization",3906779
"google/electra-base-discriminator",3794385
"jonatasgrosman/wav2vec2-large-xlsr-53-portuguese",3718548
"laion/CLIP-ViT-H-14-laion2B-s32B-b79K",3668695
"Supabase/gte-small",3650566
"facebook/opt-125m",3642019
"distilbert/distilgpt2",3410026
"llava-hf/llava-v1.6-mistral-7b-hf",3348316
"almanach/camembert-base",3333206
"jonatasgrosman/wav2vec2-large-xlsr-53-russian",3247674
"jonatasgrosman/wav2vec2-large-xlsr-53-chinese-zh-cn",3171952
"laion/CLIP-ViT-B-16-laion2B-s34B-b88K",3044172
"cardiffnlp/twitter-roberta-base-sentiment-latest",3000550
"jonatasgrosman/wav2vec2-large-xlsr-53-japanese",2932944
"facebook/bart-large-mnli",2924377
"YituTech/conv-bert-base",2878862
"tner/roberta-large-ontonotes5",2876496
"google/fnet-base",2871344
"openai/whisper-large-v3",2867138
"CIDAS/clipseg-rd64-refined",2860923
"facebook/wav2vec2-base-960h",2860446
"google-bert/bert-large-uncased",2773753
"microsoft/layoutlmv2-base-uncased",2761539
"distilbert/distilroberta-base",2637747
"meta-llama/Meta-Llama-3-8B-Instruct",2619598
"facebook/dinov2-base",2600932
"microsoft/layoutlmv3-base",2590857
"WinKawaks/vit-tiny-patch16-224",2528523
"sentence-transformers/paraphrase-multilingual-MiniLM-L12-v2",2374819
"google-bert/bert-base-chinese",2345044
"microsoft/deberta-v3-base",2342461
"sentence-transformers/distilbert-base-nli-mean-tokens",2307884
"google/byt5-small",2287398
"nlpconnect/vit-gpt2-image-captioning",2235832
"microsoft/trocr-base-handwritten",2184969
"lxyuan/distilbert-base-multilingual-cased-sentiments-student",2154556
"albert/albert-base-v2",2143586
"timm/mobilenetv3_large_100.ra_in1k",2125774
"BAAI/bge-base-en-v1.5",2117746
"stabilityai/sdxl-turbo",2111005
"facebook/encodec_24khz",2046703
"sentence-transformers/multi-qa-MiniLM-L6-cos-v1",1980070
"EmergentMethods/gliner_medium_news-v2.1",1957444
"sentence-transformers/distiluse-base-multilingual-cased-v2",1898429
"sentence-transformers/paraphrase-MiniLM-L6-v2",1880077
"Helsinki-NLP/opus-mt-zh-en",1832040
"BAAI/bge-small-en-v1.5",1807518
"mistralai/Mistral-7B-Instruct-v0.2",1741437
"SamLowe/roberta-base-go_emotions",1727578
"sentence-transformers/bert-base-nli-mean-tokens",1726241
"microsoft/beit-base-patch16-224-pt22k-ft22k",1688359
"google/flan-t5-base",1626790
"openai/whisper-base",1614746
"mixedbread-ai/mxbai-embed-large-v1",1602955
"cardiffnlp/twitter-roberta-base-irony",1577720
"tomh/toxigen_roberta",1559617
"cambridgeltl/SapBERT-from-PubMedBERT-fulltext",1539873
"cross-encoder/nli-roberta-base",1515977
"dmis-lab/biobert-v1.1",1508411
"Falconsai/nsfw_image_detection",1495062
"cardiffnlp/twitter-roberta-base-sentiment",1480696
"MoritzLaurer/DeBERTa-v3-base-mnli-fever-anli",1477096
"Jean-Baptiste/camembert-ner",1468916
"textattack/bert-base-uncased-yelp-polarity",1440567
"ckiplab/albert-tiny-chinese-ws",1403930
"BAAI/bge-large-zh-v1.5",1397428
"google/flan-t5-large",1376924
"HuggingFaceFW/fineweb-edu-classifier",1365411
"google/canine-c",1351107
"prithivida/parrot_paraphraser_on_T5",1347883
"sentence-transformers/distilbert-base-nli-stsb-mean-tokens",1338499
"vennify/t5-base-grammar-correction",1325204
"ckiplab/bert-base-chinese-ner",1323199
"facebook/mms-1b-all",1316296
"ggml-org/models",1314899
"dslim/bert-base-NER",1309054
"microsoft/layoutlm-base-uncased",1308362
"pysentimiento/robertuito-sentiment-analysis",1287325
"meta-llama/Llama-2-7b-hf",1286002
"timm/efficientnet_b3.ra2_in1k",1281085
"myshell-ai/MeloTTS-English",1277372
"BAAI/bge-large-en-v1.5",1274907
"papluca/xlm-roberta-base-language-detection",1258675
"facebook/esm2_t6_8M_UR50D",1244635
"microsoft/Phi-3-mini-4k-instruct",1244199
"facebook/m2m100_418M",1241549
"Helsinki-NLP/opus-mt-en-de",1240102
"stabilityai/stable-diffusion-xl-refiner-1.0",1228821
"avichr/heBERT_sentiment_analysis",1225891
"prajjwal1/bert-small",1225714
"CompVis/stable-diffusion-v1-4",1220312
"2bytescorp/2b_llama2_7b_mt_ft_ko-en-ko_v0.2",1218493
"TinyPixel/Llama-2-7B-bf16-sharded",1215331
"ProsusAI/finbert",1186797
"intfloat/multilingual-e5-small",1183881
"runwayml/stable-diffusion-inpainting",1172293
"dslim/bert-base-NER-uncased",1168774
"meta-llama/Llama-2-7b-chat-hf",1165779
"petals-team/StableBeluga2",1158353
"j-hartmann/emotion-english-distilroberta-base",1126510
"Ashishkr/query_wellformedness_score",1118196
"google-bert/bert-base-multilingual-uncased",1099269
"tsmatz/xlm-roberta-ner-japanese",1093124
"dslim/bert-large-NER",1075730
"prajjwal1/bert-tiny",1068553
"openai/whisper-small",1063236
"google/electra-small-discriminator",1059943
"indobenchmark/indobert-base-p1",1041766
"meta-llama/Meta-Llama-3-8B",1040523
"Salesforce/blip-image-captioning-base",1011978
"microsoft/resnet-50",1004477
"stabilityai/stable-diffusion-2-1-base",999964
"facebook/wav2vec2-large-xlsr-53",983361
"bvanaken/clinical-assertion-negation-bert",981008
"nlptown/bert-base-multilingual-uncased-sentiment",980593
"nlpaueb/legal-bert-base-uncased",966781
"BAAI/bge-reranker-v2-m3",964786
"distilbert/distilbert-base-multilingual-cased",958574
"sonoisa/sentence-bert-base-ja-mean-tokens-v2",945787
"tohoku-nlp/bert-base-japanese",942978
"cardiffnlp/twitter-roberta-base-offensive",941144
"NbAiLab/nb-wav2vec2-300m-nynorsk",922576
"google/vit-large-patch16-224",920815
"intfloat/multilingual-e5-large",908275
"sentence-transformers/paraphrase-multilingual-mpnet-base-v2",901576
"intfloat/e5-large-v2",899088
"Salesforce/blip-image-captioning-large",893000
"deepset/roberta-base-squad2",889785
"facebook/nllb-200-distilled-600M",889208
"microsoft/deberta-large-mnli",820579
"google/bert_uncased_L-2_H-128_A-2",817324
"medicalai/ClinicalBERT",816529
"Helsinki-NLP/opus-mt-es-en",815027
"google/t5-v1_1-xxl",807152
"trl-internal-testing/tiny-random-LlamaForCausalLM",803586
"laion/larger_clap_general",791691
"EmbeddedLLM/bge-reranker-base-onnx-o3-cpu",789715
"laion/CLIP-ViT-bigG-14-laion2B-39B-b160k",782113
"ai-forever/sbert_large_nlu_ru",780184
"stabilityai/stable-diffusion-2-1",779891
"jackhhao/jailbreak-classifier",779790
"kingabzpro/wav2vec2-large-xls-r-300m-Urdu",778176
"sshleifer/tiny-gpt2",777910
"smilegate-ai/kor_unsmile",771744
"akdeniz27/bert-base-turkish-cased-ner",771317
"xlnet/xlnet-base-cased",769700
"Helsinki-NLP/opus-mt-fr-en",752602
"stabilityai/sd-vae-ft-mse",751946
"LiheYoung/depth-anything-small-hf",750872
"finiteautomata/bertweet-base-sentiment-analysis",750548
"WhereIsAI/UAE-Large-V1",744994
"Efficient-Large-Model/VILA1.5-13b",720710
"SG161222/Realistic_Vision_V4.0_noVAE",718622
"facebook/esm2_t30_150M_UR50D",718496
"openai-community/gpt2-medium",697489
"ybelkada/tiny-random-T5ForConditionalGeneration-calibrated",696431
"pyannote/speaker-diarization-3.0",689318
"kha-white/manga-ocr-base",688595
"allenai/scibert_scivocab_uncased",685124
"oliverguhr/fullstop-punctuation-multilang-large",677986
"microsoft/wavlm-large",677976
"liuhaotian/llava-v1.5-7b",672763
"TheBloke/Mixtral-8x7B-Instruct-v0.1-GPTQ",666823
"pysentimiento/robertuito-emotion-analysis",665247
"sentence-transformers/multi-qa-mpnet-base-dot-v1",662533
"cross-encoder/ms-marco-MiniLM-L-6-v2",662518
"theainerd/Wav2Vec2-large-xlsr-hindi",659461
"Babelscape/wikineural-multilingual-ner",651596
"marieke93/MiniLM-evidence-types",651177
"Alibaba-NLP/gte-large-en-v1.5",636675
"google/t5-v1_1-xl",632837
"cross-encoder/ms-marco-MiniLM-L-4-v2",629302
"yiyanghkust/finbert-esg-9-categories",628844
"microsoft/phi-2",626993
"amunchet/rorshark-vit-base",626064
"Helsinki-NLP/opus-mt-de-en",623897
"timm/resnet18.a1_in1k",618721
"google-t5/t5-large",618402
"zhihan1996/DNA_bert_6",612663
"facebook/wav2vec2-xls-r-1b",604092
"emilyalsentzer/Bio_ClinicalBERT",602230
"martin-ha/toxic-comment-model",599661
"mr8488/distilroberta-finetuned-financial-news-sentiment-analysis",598043
"lmsys/vicuna-7b-v1.5",596568
"mistralai/Mistral-7B-v0.1",595144
"yiyanghkust/finbert-tone",594854
"openai-community/gpt2-xl",590968
"h94/IP-Adapter-FaceID",589781
"intfloat/e5-small-v2",585496
"meta-llama/Llama-2-13b-chat-hf",581306
"sshleifer/distilbart-cnn-12-6",574204
"BAAI/bge-reranker-large",569509
"facebook/detr-resnet-50",566431
"MoritzLaurer/mDeBERTa-v3-base-xnli-multilingual-nli-2mil7",565440
"TinyLlama/TinyLlama-1.1B-Chat-v1.0",562845
"intfloat/e5-base-v2",562311
"lfoppiano/MatTPUSciBERT",561807
"microsoft/table-transformer-structure-recognition",558323
"BAAI/bge-m3",553483
"thenlper/gte-small",552936
"Efficient-Large-Model/VILA1.5-40b",548180
"amazon/chronos-t5-base",546588
"mpoyraz/wav2vec2-xls-r-300m-cv7-turkish",545319
"hustvl/vitmatte-small-composition-1k",544327
"lmsys/fastchat-t5-3b-v1.0",542814
"jhgan/ko-sroberta-multitask",538094
"obi/deid_roberta_i2b2",537456
"benjamin/wtp-canine-s-1l",530032
"ashawkey/stable-zero123-diffusers",529159
"cardiffnlp/twitter-xlm-roberta-base-sentiment",528780
"distilbert/distilbert-base-cased",527218
"ByteDance/SDXL-Lightning",526636
"IDEA-Research/grounding-dino-tiny",526138
"facebook/sam-vit-base",524387
"tiiuae/falcon-7b-instruct",519269
"microsoft/table-transformer-structure-recognition-v1.1-all",518173
"intfloat/multilingual-e5-base",515924
"BAAI/bge-small-en",508969
"facebook/detr-resnet-101",505858
"bartowski/Llama-3-8B-Instruct-Gradient-1048k-GGUF",501806
"Helsinki-NLP/opus-mt-ru-en",501333
"facebook/bart-base",500559
"ptx0/terminus-xl-velocity-v2",489850
"TahaDouaji/detr-doc-table-detection",489308
"mattmdjaga/segformer_b2_clothes",488942
"TencentGameMate/chinese-hubert-base",486198
"flair/pos-english",483754
"microsoft/wavlm-base-plus",479924
"LTP/small",477815
"timm/vit_base_patch14_reg4_dinov2.lvd142m",476760
"immich-app/ViT-B-32__openai",474609
"meta-llama/Meta-Llama-3-70B-Instruct",471043
"xlnet/xlnet-large-cased",455278
"kredor/punctuate-all",452647
"LanguageBind/LanguageBind_Video_merge",452235
"sentence-transformers/distiluse-base-multilingual-cased-v1",451515
"lengyue233/content-vec-best",451424
"microsoft/git-base",451161
"LanguageBind/LanguageBind_Image",450963
"schhwmn/mbart-large-50-finetuned-ukr-gec",448725
"bigscience/bloom-1b7",446905
"facebook/dpr-ctx_encoder-single-nq-base",445858
"liuhaotian/llava-v1.6-vicuna-7b",445156
"Rostlab/prot_t5_xl_uniref50",444932
"dbmdz/bert-large-cased-finetuned-conll03-english",434460
"bigscience/bloom-7b1",433997
"cross-encoder/ms-marco-TinyBERT-L-2-v2",429070
"facebook/vit-mae-base",428052
"autogluon/chronos-t5-tiny",425920
"jonatasgrosman/wav2vec2-large-xlsr-53-dutch",422996
"Intel/dpt-hybrid-midas",422053
"patrickjohncyh/fashion-clip",420563
"microsoft/wavlm-base-plus-sd",416991
"openai/whisper-large-v2",414988
"openai-community/gpt2-large",414219
"hatmimoha/arabic-ner",413982
"Helsinki-NLP/opus-mt-en-zh",412786
"Rostlab/prot_bert",411413
"Elron/bleurt-base-128",410644
"shahrukhx01/question-vs-statement-classifier",406528
"BAAI/bge-reranker-base",404805
"princeton-nlp/sup-simcse-roberta-base",404387
"humarin/chatgpt_paraphraser_on_T5_base",402962
"microsoft/mdeberta-v3-base",401708
"unsloth/llama-3-8b-bnb-4bit",398889
"google-bert/bert-base-german-cased",397280
"facebook/mask2former-swin-tiny-coco-instance",396858
"openai-community/roberta-large-openai-detector",396644
"distilbert/distilbert-base-cased-distilled-squad",392344
"microsoft/table-transformer-detection",392305
"microsoft/infoxlm-large",391213
"microsoft/codebert-base",390346
"thenlper/gte-base",389385
"coqui/XTTS-v2",386187
"google/siglip-so400m-patch14-384",380781
"mistralai/Mixtral-8x7B-Instruct-v0.1",379601
"stabilityai/stable-diffusion-2-base",377985
"facebook/opt-1.3b",375188
"facebook/opt-350m",372949
"NousResearch/Llama-2-7b-chat-hf",371307
"Charangan/MedBERT",370672
"jonatasgrosman/wav2vec2-large-xlsr-53-polish",369991
"timm/resnet18.fb_swsl_ig1b_ft_in1k",367754
"sentence-transformers/LaBSE",367289
"briaai/RMBG-1.4",366795
"tohoku-nlp/bert-base-japanese-whole-word-masking",363511
"google/gemma-2b",362322
"TheBloke/Mistral-7B-Instruct-v0.1-GPTQ",362046
"ElKulako/cryptobert",361462
"microsoft/deberta-v3-large",361446
"tals/albert-xlarge-vitaminc-mnli",360692
"sentence-transformers/paraphrase-mpnet-base-v2",360484
"vinai/phobert-base-v2",359037
"apple/DFN5B-CLIP-ViT-H-14-378",358897
"deepset/bert-large-uncased-whole-word-masking-squad2",356733
"Hate-speech-CNERG/bert-base-uncased-hatexplain",355494
"neulab/codebert-python",354118
"google/flan-t5-xxl",353503
"google/mt5-base",353352
"TheBloke/deepseek-coder-33B-instruct-GPTQ",353086
"sentence-transformers/stsb-roberta-base",349618
"TheBloke/zephyr-7B-beta-AWQ",349475
"Rostlab/prot_bert_bfd",346031
"THUDM/chatglm2-6b",345831
"flair/ner-english",344929
"neuralmind/bert-base-portuguese-cased",343153
"jinaai/jina-embeddings-v2-base-en",341276
"nvidia/speakerverification_en_titanet_large",339387
"philschmid/bart-large-cnn-samsum",338346
"latent-consistency/lcm-lora-sdv1-5",337849
"MCG-NJU/videomae-base",335130
"airesearch/wav2vec2-large-xlsr-53-th",332784
"timm/nfnet_l0.ra2_in1k",328530
"intfloat/multilingual-e5-large-instruct",328527
"microsoft/Phi-3-mini-128k-instruct",327242
"Zigeng/SlimSAM-uniform-77",327032
"naver/splade-cocondenser-ensembledistil",326296
"MMG/xlm-roberta-large-ner-spanish",325675
"stabilityai/stable-diffusion-2",321847
"sentence-transformers/paraphrase-MiniLM-L3-v2",321727
"nomic-ai/nomic-embed-text-v1",319927
"amazon/chronos-t5-tiny",318311
"madhurjindal/autonlp-Gibberish-Detector-492513457",316229
"sentence-transformers/all-distilroberta-v1",315917
"AIDA-UPM/star",315257
"facebook/hubert-large-ls960-ft",313844
"lucadiliello/BLEURT-20-D12",312208
"imvladikon/wav2vec2-xls-r-300m-hebrew",311853
"facebook/dpr-question_encoder-single-nq-base",310801
"ai4bharat/indictrans2-indic-en-1B",310657
"shibing624/text2vec-base-chinese",310493
"SanctumAI/Meta-Llama-3-8B-Instruct-GGUF",310011
"ibm-granite/granite-timeseries-ttm-v1",309844
"prithivida/parrot_adequacy_model",306060
"neulab/codebert-java",305715
"EleutherAI/gpt-j-6b",304374
"amazon/chronos-t5-large",303821
"facebook/wav2vec2-base",302451
"jonathandinu/face-parsing",302370
"cross-encoder/ms-marco-MiniLM-L-12-v2",300584
"jonatasgrosman/wav2vec2-large-xlsr-53-persian",299313
"Felladrin/Llama-68M-Chat-v1",296363
"malteos/scincl",295201
"facebook/dino-vits16",290408
"PixArt-alpha/PixArt-XL-2-1024-MS",290322
"tiiuae/falcon-40b-instruct",289926
"unsloth/llama-3-8b-Instruct-bnb-4bit",289363
"timm/vit_base_patch16_224.augreg2_in21k_ft_in1k",288489
"google-t5/t5-3b",288238
"microsoft/trocr-large-stage1",287857
"mistralai/Mistral-7B-Instruct-v0.1",285486
"microsoft/biogpt",285458
"distil-whisper/distil-medium.en",284934
"facebook/dino-vitb16",283452
"MaziyarPanahi/Mistral-7B-Instruct-v0.3-GGUF",282834
"valhalla/t5-base-e2e-qg",281184
"snunlp/KR-SBERT-V40K-klueNLI-augSTS",279353
"mrm8488/t5-base-finetuned-question-generation-ap",279152
"microsoft/deberta-v3-small",277909
"google/flan-t5-small",275184
"microsoft/resnet-18",274562
"sentence-transformers/sentence-t5-large",272482
"ByteDance/AnimateDiff-Lightning",272093
"thenlper/gte-large",271431
"avsolatorio/GIST-all-MiniLM-L6-v2",270788
"h-e-l-l-o/email-spam-classification-merged",269539
"Helsinki-NLP/opus-mt-ar-en",268580
"MoritzLaurer/mDeBERTa-v3-base-mnli-xnli",265761
"SG161222/Realistic_Vision_V5.1_noVAE",265228
"JackFram/llama-68m",263186
"diffusers/stable-diffusion-xl-1.0-inpainting-0.1",262966
"RishuD7/final_CML_Text_date_number",261131
"cointegrated/rubert-tiny2",260308
"facebook/encodec_32khz",258747
"meta-llama/Llama-2-13b-hf",258321
"facebook/seamless-m4t-v2-large",256158
"tavakolih/all-MiniLM-L6-v2-pubmed-full",255733
"databricks/dolly-v2-3b",255253
"nvidia/parakeet-rnnt-1.1b",255052
"davebulaval/MeaningBERT",254360
"nvidia/parakeet-tdt-1.1b",253753
"sshleifer/tiny-marian-en-de",253349
"textattack/bert-base-uncased-imdb",253321
"hustvl/yolos-tiny",251716
"Helsinki-NLP/opus-mt-en-es",251661
"maidalun1020/bce-embedding-base_v1",251593
"MaziyarPanahi/Meta-Llama-3-70B-Instruct-GGUF",248990
"timm/regnety_032.ra_in1k",248394
"Systran/faster-whisper-large-v3",247417
"Helsinki-NLP/opus-mt-it-en",247294
"avsolatorio/GIST-Embedding-v0",246293
"sentence-transformers/paraphrase-TinyBERT-L6-v2",244194
"mohamednihal/noReply",243136
"jbetker/wav2vec2-large-robust-ft-libritts-voxpopuli",241528
"microsoft/swinv2-tiny-patch4-window16-256",240155
"rasa/LaBSE",238881
"google/flan-t5-xl",238818
"uer/roberta-base-finetuned-chinanews-chinese",238512
"peft-internal-testing/tiny-clip-text-2",236632
"THUDM/chatglm3-6b",235947
"SG161222/Realistic_Vision_V6.0_B1_noVAE",235749
"allenai/unifiedqa-v2-t5-large-1363200",235681
"state-spaces/mamba-130m-hf",235483
"openai/whisper-tiny.en",234054
"Lykon/DreamShaper",233796
"stabilityai/stable-video-diffusion-img2vid-xt-1-1",232605
"LiheYoung/depth_anything_vitl14",232229
"dccuchile/bert-base-spanish-wwm-uncased",231633
"sai17/cards-top_right_swin-tiny-patch4-window7-224-finetuned-v2_more_data",231140
"microsoft/xclip-base-patch32",231090
"sai17/cards_bottom_right_swin-tiny-patch4-window7-224-finetuned-v2",231051
"finiteautomata/beto-sentiment-analysis",230830
"sai17/cards-top_left_swin-tiny-patch4-window7-224-finetuned-dough_100_epoch",230599
"sai17/cards_bottom_left_swin-tiny-patch4-window7-224-finetuned-dough_100_epochs",230520
"Crosstyan/BPModel",230204
"vikp/surya_rec",230154
"distil-whisper/distil-large-v3",228614
"llava-hf/llava-v1.6-vicuna-13b-hf",227991
"openai/whisper-medium",226850
"mrm8488/bert2bert_shared-spanish-finetuned-summarization",226605
"dangvantuan/sentence-camembert-large",225828
"llava-hf/llava-1.5-7b-hf",225634
"sentence-transformers/msmarco-distilbert-base-v4",222775
"google/owlv2-base-patch16-ensemble",220306
"EleutherAI/gpt-neo-125m",219773
"MaziyarPanahi/WizardLM-70B-V1.0",218341
"sentence-transformers/msmarco-MiniLM-L-6-v3",217723
"facebook/esmfold_v1",217205
"sentence-transformers/paraphrase-MiniLM-L12-v2",216927
"sonoisa/sentence-luke-japanese-base-lite",216812
"DeepFloyd/t5-v1_1-xxl",215926
"apple/mobilevit-small",215474
"stabilityai/sdxl-vae",215257
"facebook/nllb-200-1.3B",214570
"Intel/dpt-large",214231
"fxmarty/tiny-llama-fast-tokenizer",213663
"echarlaix/tiny-random-mistral",212374
"google/gemma-7b",212091
"JungleLee/bert-toxic-comment-classification",211880
"benjamin/wtp-bert-mini",210121
"cambridgeltl/SapBERT-UMLS-2020AB-all-lang-from-XLMR",210046
"openai/whisper-tiny",209114
"vibhorag101/roberta-base-suicide-prediction-phr",208957
"cointegrated/rubert-base-cased-nli-threeway",208785
"llava-hf/vip-llava-7b-hf",208250
"emrecan/bert-base-turkish-cased-mean-nli-stsb-tr",207756
"facebook/sam-vit-huge",207734
"microsoft/layoutxlm-base",206800
"sentence-transformers/paraphrase-albert-small-v2",206472
"timm/tf_mobilenetv3_large_minimal_100.in1k",204998
"nateraw/vit-age-classifier",204868
"fxmarty/pix2struct-tiny-random",203224
"WhereIsAI/UAE-Code-Large-V1",203126
"microsoft/speecht5_hifigan",202867
"vinai/bertweet-base",201892
"liuhaotian/llava-v1.5-13b",201779
"climatebert/distilroberta-base-climate-detector",201040
"lewtun/tiny-random-mt5",200705
"DeepPavlov/rubert-base-cased",197313
"robinsyihab/Sidrap-7B-v2-GPTQ-4bit",196946
"RishuD7/finetune_base_bge_pretrained_v4",193635
"google/owlvit-base-patch32",192934
"moka-ai/m3e-base",192025
"HuggingFaceH4/zephyr-7b-beta",191273
"LanguageBind/Video-LLaVA-7B",191017
"Helsinki-NLP/opus-mt-en-fr",190757
"dbmdz/bert-base-italian-xxl-cased",190331
"flair/ner-german",190130
"Salesforce/blip2-opt-2.7b",190011
"naver/DUSt3R_ViTLarge_BaseDecoder_512_dpt",189973
"dbmdz/bert-base-german-uncased",189551
"bigscience/bloomz-560m",189483
"LanguageBind/MoE-LLaVA-Phi2-2.7B-4e",188898
"pyannote/embedding",188251
"timm/resnet101.a1h_in1k",188153
"microsoft/trocr-large-printed",186632
"microsoft/BiomedNLP-BiomedBERT-base-uncased-abstract-fulltext",184831
"mistralai/Mistral-7B-Instruct-v0.3",183821
"sentence-transformers/multi-qa-distilbert-cos-v1",183733
"cointegrated/rubert-tiny",182836
"jonatasgrosman/wav2vec2-large-xlsr-53-greek",179298
"Efficient-Large-Model/VILA1.5-40b-AWQ",178405
"openai-community/roberta-base-openai-detector",178138
"microsoft/speecht5_tts",178089
"facebook/wav2vec2-large-960h",178011
"speechbrain/spkrec-ecapa-voxceleb",177160
"sentence-transformers/nli-mpnet-base-v2",176048
"fxmarty/really-tiny-falcon-testing",175886
"ali-vilab/text-to-video-ms-1.7b",174991
"microsoft/deberta-xlarge-mnli",174901
"vikp/surya_det2",174847
"sentence-transformers/msmarco-bert-base-dot-v5",174212
"facebook/m2m100_1.2B",174077
"cardiffnlp/tweet-topic-21-multi",173721
"fxmarty/tiny-random-GemmaForCausalLM",173642
"s-nlp/roberta_toxicity_classifier",173180
"LanguageBind/MoE-LLaVA-Qwen-1.8B-4e",172429
"bhadresh-savani/bert-base-uncased-emotion",171924
"Salesforce/instructblip-vicuna-7b",171877
"ByteDance/Hyper-SD",171684
"michellejieli/emotion_text_classifier",171550
"AmelieSchreiber/esm2_t12_35M_lora_binding_sites_770K_v1",169600
"TheBloke/Mixtral-8x7B-Instruct-v0.1-GGUF",169109
"segmind/SSD-1B",168975
"monologg/koelectra-small-v2-distilled-korquad-384",168552
"HuggingFaceM4/idefics2-8b",167219
"siebert/sentiment-roberta-large-english",165672
"bigscience/bloom-560m",165463
"jonatasgrosman/wav2vec2-large-xlsr-53-finnish",165264
"hkunlp/instructor-large",164641
"sentence-transformers/msmarco-distilbert-cos-v5",163804
"FacebookAI/roberta-large-mnli",163610
"Falconsai/intent_classification",163523
"embaas/sentence-transformers-e5-large-v2",162807
"facebook/mbart-large-50-many-to-many-mmt",161971
"flair/ner-english-ontonotes",161551
"stabilityai/stable-diffusion-2-inpainting",160654
"WhitePeak/bert-base-cased-Korean-sentiment",160392
"madebyollin/sdxl-vae-fp16-fix",160278
"friedrichor/stable-diffusion-2-1-realistic",159720
"oliverguhr/german-sentiment-bert",159562
"Helsinki-NLP/opus-mt-nl-en",159443
"fxmarty/tiny-dummy-qwen2",159344
"LanguageBind/MoE-LLaVA-StableLM-1.6B-4e",159264
"UrukHan/t5-russian-spell",159054
"princeton-nlp/sup-simcse-roberta-large",158631
"facebook/wav2vec2-xls-r-300m",158491
"KB/bert-base-swedish-cased-ner",158368
"facebook/convnextv2-tiny-1k-224",158196
"google/gemma-2b-it",157260
"Salesforce/blip-vqa-base",157178
"SG161222/RealVisXL_V4.0",156280
"OpenAssistant/oasst-rm-2-pythia-6.9b-epoch-1",156115
"microsoft/Phi-3-vision-128k-instruct",155631
"mistralai/Mixtral-8x7B-v0.1",155608
"trpakov/vit-face-expression",154529
"Copycats/koelectra-base-v3-generalized-sentiment-analysis",154431
"gsarti/biobert-nli",154128
"flair/upos-english",154044
"cross-encoder/ms-marco-MiniLM-L-2-v2",153777
"protectai/deberta-v3-base-prompt-injection",153572
"prithivida/parrot_fluency_model",152808
"facebook/dinov2-large",152448
"mistralai/Mixtral-8x22B-Instruct-v0.1",152357
"TheBloke/LLaMA2-13B-Tiefighter-GPTQ",151841
"intfloat/e5-mistral-7b-instruct",151814
"pyannote/voice-activity-detection",151113
"liuhaotian/llava-v1.6-mistral-7b",150969
"google/owlvit-base-patch16",150591
"microsoft/deberta-v2-xlarge",150560
"sentence-transformers-testing/stsb-bert-tiny-safetensors",150441
"Yehor/wav2vec2-xls-r-300m-uk-with-small-lm",150144
"emilianJR/chilloutmix_NiPrunedFp32Fix",149654
"timm/volo_d1_224.sail_in1k",149428
"nateraw/food",149382
"shibing624/macbert4csc-base-chinese",149136
"Davlan/bert-base-multilingual-cased-ner-hrl",147768
"microsoft/trocr-small-handwritten",146968
"microsoft/DialoGPT-large",146872
"Kaludi/food-category-classification-v2.0",146241
"meta-llama/Llama-2-70b-hf",146139
"Qiliang/bart-large-cnn-samsum-ChatGPT_v3",145997
"amazon/chronos-t5-small",145756
"timbrooks/instruct-pix2pix",145191
"protectai/xlm-roberta-base-language-detection-onnx",144892
"snrspeaks/KeyPhraseTransformer",144303
"shi-labs/oneformer_ade20k_swin_large",143786
"Qwen/Qwen1.5-0.5B-Chat",143121
"BAAI/bge-large-en",142231
"nielsr/slimsam-77-uniform",141502
"cross-encoder/stsb-TinyBERT-L-4",140748
"TinyLlama/TinyLlama-1.1B-intermediate-step-1431k-3T",140376
"protectai/unbiased-toxic-roberta-onnx",139741
"digiplay/insaneRealistic_v1",139659
"FacebookAI/xlm-clm-enfr-1024",138514
"artificialguybr/ColoringBookRedmond-V2",138503
"tau-vision/sn6-finetune",138483
"google/mt5-small",138221
"Systran/faster-whisper-base",138089
"nguyenvulebinh/wav2vec2-base-vi",137961
"prompthero/openjourney-v4",137761
"minimaxir/sdxl-wrong-lora",137670
"facebook/esm2_t12_35M_UR50D",137606
"lucas-leme/FinBERT-PT-BR",136840
"google-bert/bert-large-cased",135838
"microsoft/phi-1_5",135689
"facebook/esm2_t33_650M_UR50D",135489
"TheBloke/Mistral-7B-Instruct-v0.2-GGUF",135250
"sentence-transformers/msmarco-distilbert-dot-v5",134912
"dangvantuan/vietnamese-embedding",134640
"neggles/animatediff-modules",134257
"cross-encoder/nli-deberta-v3-large",133868
"Michau/t5-base-en-generate-headline",133563
"TheBloke/Llama-2-7B-Chat-GGUF",133486
"google-bert/bert-large-uncased-whole-word-masking-finetuned-squad",132911
"facebook/mask2former-swin-large-cityscapes-semantic",132849
"timm/vit_base_patch16_384.augreg_in21k_ft_in1k",131223
"timm/mobilenetv2_100.ra_in1k",129391
"q-future/one-align",128810
"Maykeye/TinyLLama-v0",128639
"flair/ner-german-large",127959
"sentence-transformers/paraphrase-distilroberta-base-v2",127088
"google/byt5-xl",126855
"timm/efficientnet_b1.ft_in1k",126604
"chavinlo/alpaca-native",126534
"lmstudio-community/Meta-Llama-3-8B-Instruct-GGUF",125237
"touchtech/fashion-images-gender-age-vit-large-patch16-224-in21k-v3",124887
"vikp/texify",124113
"facebook/dinov2-small",124018
"neuralmind/bert-large-portuguese-cased",123869
"yangheng/deberta-v3-base-absa-v1.1",123440
"monologg/kobert",123334
"fxmarty/tiny-doc-qa-vision-encoder-decoder",123237
"facebook/dino-vits8",123233
"EleutherAI/pythia-70m",123147
"SpanBERT/spanbert-large-cased",123131
"urchade/gliner_base",122800
"ghunkins/prompt-expansion",122269
"InstantX/InstantID",121630
"DionTimmer/controlnet_qrcode-control_v1p_sd15",120626
"timm/vgg19.tv_in1k",120567
"sentence-transformers/msmarco-MiniLM-L-12-v3",120266
"mohitsha/tiny-random-testing-bert2gpt2",120195
"meta-llama/Llama-2-70b-chat-hf",120174
"Systran/faster-whisper-large-v2",120088
"tohoku-nlp/bert-base-japanese-char",119197
"facebook/mask2former-swin-large-ade-semantic",119043
"vikp/surya_layout2",118512
"google/pegasus-xsum",118454
"blackhole33/uzbek-speaker-verification-v9",117722
"abhijit2111/Pic2Story",116832
"visheratin/nllb-clip-base-siglip",116652
"lucadiliello/bleurt-tiny-512",116605
"sentence-transformers/msmarco-distilbert-base-tas-b",116287
"zhihan1996/DNABERT-2-117M",116276
"latent-consistency/lcm-lora-sdxl",115768
"cledoux42/GenderNew_v002",115262
"facebook/dpr-ctx_encoder-multiset-base",115167
"timm/vit_base_r50_s16_384.orig_in21k_ft_in1k",114667
"tohoku-nlp/bert-base-japanese-char-v2",114519
"CATIE-AQ/NERmembert-base-3entities",114312
"microsoft/DialoGPT-medium",114201
"IDEA-Research/grounding-dino-base",113387
"sentence-transformers/roberta-base-nli-stsb-mean-tokens",113247
"google/gemma-1.1-7b-it",113101
"facebook/wav2vec2-xlsr-53-espeak-cv-ft",112071
"cross-encoder/nli-deberta-base",111844
"stabilityai/stable-video-diffusion-img2vid-xt",111776
"microsoft/BiomedNLP-BiomedBERT-base-uncased-abstract",111252
"AdamCodd/distilbert-base-uncased-finetuned-sentiment-amazon",111163
"vikp/surya_order",111002
"tohoku-nlp/bert-base-japanese-char-whole-word-masking",110986
"TheBloke/Mistral-7B-Instruct-v0.1-GGUF",110886
"CAMeL-Lab/bert-base-arabic-camelbert-mix-ner",110441
"NousResearch/Llama-2-7b-hf",110010
"facebook/musicgen-small",109247
"openmmlab/upernet-swin-small",108731
"flair/ner-french",108706
"lmsys/vicuna-13b-v1.5",108628
"cardiffnlp/twitter-xlm-roberta-base-sentiment-multilingual",108180
"internlm/internlm-xcomposer2-vl-7b",108129
"TheBloke/Mistral-7B-v0.1-AWQ",108115
"liuhaotian/llava-v1.6-34b",108022
"microsoft/unixcoder-base",107279
"facebook/roberta-hate-speech-dynabench-r4-target",107271
"cagliostrolab/animagine-xl-3.1",107063
"audeering/wav2vec2-large-robust-12-ft-emotion-msp-dim",106934
"vinai/phobert-base",106897
"Helsinki-NLP/opus-mt-ko-en",106890
"google/gemma-7b-it",106814
"MoritzLaurer/deberta-v3-base-zeroshot-v1.1-all-33",106324
"timm/maxvit_large_tf_512.in1k",105481
"google/mobilenet_v1_0.75_192",105083
"andersonbcdefg/bge-small-4096",104863
"timm/efficientnet_b0.ra_in1k",104810
"TencentARC/PhotoMaker",104751
"facebook/dinov2-giant",104744
"LiheYoung/depth-anything-large-hf",104386
"timm/tf_mobilenetv3_small_minimal_100.in1k",104246
"timm/ViT-SO400M-14-SigLIP-384",104198
"FacebookAI/xlm-roberta-large-finetuned-conll03-english",103970
"monster-labs/control_v1p_sd15_qrcode_monster",103780
"dmis-lab/biobert-base-cased-v1.1",103301
"EleutherAI/gpt-neo-2.7B",103228
"EleutherAI/pythia-160m",102844
"d4data/biomedical-ner-all",102463
"AdrienB134/ColBERTv2.0-spanish-mmarcoES",102134
"unsloth/mistral-7b-instruct-v0.2-bnb-4bit",101907
"EleutherAI/pythia-70m-deduped",101826
"databricks/dbrx-instruct",101227
"prithivida/grammar_error_correcter_v1",100959
"Falconsai/text_summarization",100640
"prajjwal1/bert-mini",100396
"kwoncho/gaincut_news_pre2017",100121
"unum-cloud/uform-gen2-qwen-500m",99660
"facebook/bart-large",99383
"fabiochiu/t5-base-tag-generation",99382
"guoyww/animatediff-motion-lora-zoom-in",99365
"huggyllama/llama-7b",99112
"sanali209/nsfwfilter",99104
"jbochi/madlad400-3b-mt",98695
"Jean-Baptiste/camembert-ner-with-dates",98680
"amazon/chronos-t5-mini",98517
"stabilityai/stable-diffusion-2-depth",98284
"mradermacher/Llama3-ChatQA-1.5-70B-i1-GGUF",97805
"elyza/ELYZA-japanese-Llama-2-7b-instruct",97647
"Systran/faster-whisper-tiny",97497
"aubmindlab/bert-base-arabert",97458
"m-a-p/music2vec-v1",97321
"facebook/hubert-base-ls960",97269
"neuralmagic/bge-base-en-v1.5-quant",96415
"hfl/chinese-bert-wwm-ext",96357
"microsoft/graphcodebert-base",95793
"myshell-ai/MeloTTS-English-v3",95307
"MarcoMancini/low-law-emb",94592
"timm/vit_small_patch16_224.augreg_in21k_ft_in1k",94374
"ufal/robeczech-base",94371
"sileod/deberta-v3-small-tasksource-nli",94196
"unsloth/Phi-3-mini-4k-instruct-bnb-4bit",94157
"laion/CLIP-ViT-L-14-DataComp.XL-s13B-b90K",94071
"ai-forever/ruRoberta-large",93938
"kwoncho/gaincut_news_pre2018",93665
"QuantFactory/Meta-Llama-3-8B-Instruct-GGUF",93642
"VAGOsolutions/SauerkrautLM-Mixtral-8x7B-Instruct",93603
"speechbrain/lang-id-voxlingua107-ecapa",93330
"TheBloke/Mistral-7B-Instruct-v0.2-AWQ",93101
"StanfordAIMI/stanford-deidentifier-base",93054
"csebuetnlp/banglat5_nmt_bn_en",92554
"microsoft/dit-base-finetuned-rvlcdip",91913
"koheiduck/bert-japanese-finetuned-sentiment",91900
"timm/mobilenetv3_large_100.miil_in21k_ft_in1k",91603
"Alibaba-NLP/gte-base-en-v1.5",91506
"codellama/CodeLlama-34b-Instruct-hf",90404
"facebook/dpr-question_encoder-multiset-base",90245
"facebook/wav2vec2-large",89767
"Rostlab/prot_t5_xl_bfd",89470
"nomic-ai/gpt4all-falcon",89358
"EleutherAI/gpt-neo-1.3B",89080
"timm/tf_efficientnet_b0.ns_jft_in1k",88748
"jonatasgrosman/wav2vec2-large-xlsr-53-hungarian",88659
"microsoft/dit-base",88500
"AI4PD/ZymCTRL",88362
"kwoncho/gaincut_news_pre2019",88262
"lpiccinelli/unidepth-v2-vitl14",88223
"ckiplab/bert-base-chinese-ws",87779
"teknium/OpenHermes-2.5-Mistral-7B",87756
"vikhyatk/moondream1",86994
"timm/lcnet_050.ra2_in1k",86738
"Mitsua/mitsua-diffusion-cc0",86366
"stabilityai/sd-turbo",86111
"EleutherAI/pythia-14m",86074
"Jean-Baptiste/roberta-large-ner-english",86065
"sentence-transformers/sentence-t5-base",85941
"kwoncho/gaincut_news_pre2020",85916
"rizvandwiki/gender-classification",85892
"google/tapas-large-finetuned-wtq",85807
"facebook/sam-vit-large",85600
"timm/inception_v3.tv_in1k",85238
"saltlux/Ko-Llama3-Luxia-8B",85201
"TheBloke/Phind-CodeLlama-34B-v1-GGUF",85084
"Salesforce/codet5p-110m-embedding",85055
"laion/clap-htsat-unfused",84937
"Helsinki-NLP/opus-mt-sv-en",84854
"Qwen/Qwen1.5-0.5B",84854
"BAAI/llm-embedder",84822
"philomath-1209/programming-language-identification",84039
"sentence-transformers/distilbert-multilingual-nli-stsb-quora-ranking",84034
"lmsys/longchat-7b-v1.5-32k",84032
"codellama/CodeLlama-7b-Instruct-hf",83930
"Helsinki-NLP/opus-mt-pl-en",83614
"kwoncho/gaincut_news_pre2021",82502
"microsoft/Phi-3-medium-4k-instruct",82320
"beomi/Llama-3-Open-Ko-8B",82316
"mlabonne/NeuralDaredevil-7B",82110
"ai21labs/Jamba-v0.1",82072
"Qwen/Qwen1.5-7B-Chat",82020
"microsoft/trocr-base-printed",81801
"lvwerra/distilbert-imdb",81561
"artificialguybr/CuteCartoonRedmond-V2",81259
"MoritzLaurer/deberta-v3-base-zeroshot-v2.0",80858
"urchade/gliner_multi-v2.1",80512
"facebook/esm2_t36_3B_UR50D",80391
"LazarusNLP/all-indobert-base-v2",79828
"meta-llama/Meta-Llama-3-70B",79543
"MilaNLProc/feel-it-italian-emotion",79433
"BubbleSheep/Hgn_trans_en2zh",79257
"pritamdeka/BioBERT-mnli-snli-scinli-scitail-mednli-stsb",79082
"felflare/bert-restore-punctuation",79072
"playgroundai/playground-v2.5-1024px-aesthetic",79032
"tiiuae/falcon-7b",78787
"facebook/galactica-125m",78507
"nickprock/sentence-bert-base-italian-xxl-uncased",78438
"kwoncho/gaincut_news_pre2022",78043
"laion/CLIP-ViT-L-14-laion2B-s32B-b82K",77685
"laion/CLIP-convnext_large_d_320.laion2B-s29B-b131K-ft-soup",77611
"flair/ner-english-ontonotes-fast",77500
"ml6team/keyphrase-extraction-distilbert-inspec",77453
"SG161222/RealVisXL_V3.0",77362
"dbmdz/bert-base-french-europeana-cased",77221
"trl-internal-testing/dummy-GPT2-correct-vocab",77179
"deepset/roberta-base-squad2-distilled",77007
"deepset/minilm-uncased-squad2",76936
"nerijs/pixel-art-xl",76898
"hiiamsid/sentence_similarity_spanish_es",76878
"google/flan-ul2",76713
"jinaai/jina-colbert-v1-en",76677
"Helsinki-NLP/opus-mt-da-en",76647
"openchat/openchat-3.5-0106",76477
"qanastek/51-languages-classifier",76360
"vikhyatk/moondream2",76304
"upskyy/kf-deberta-multitask",76249
"upstage/SOLAR-10.7B-Instruct-v1.0",76208
"SAPOSS/password-model",76156
"skt/kobert-base-v1",75973
"google/gemma-1.1-2b-it",75948
"saattrupdan/wav2vec2-xls-r-300m-ftspeech",75902
"laion/mscoco_finetuned_CoCa-ViT-L-14-laion2B-s13B-b90k",75868
"HuggingFaceH4/zephyr-7b-alpha",75709
"charsiu/g2p_multilingual_byT5_small_100",75439
"cross-encoder/nli-distilroberta-base",75146
"allenai/t5-small-squad2-question-generation",74832
"jinaai/jina-embeddings-v2-small-en",74733
"kwoncho/gaincut_news_pre2023",74725
"hyunwoongko/kobart",74550
"CohereForAI/aya-23-35B",74159
"dbmdz/distilbert-base-turkish-cased",74106
"microsoft/Phi-3-mini-4k-instruct-gguf",73702
"ibm/MoLFormer-XL-both-10pct",73696
"dataautogpt3/ProteusV0.2",73476
"openbmb/MiniCPM-2B-dpo-bf16-llama-format",73454
"csebuetnlp/banglat5_nmt_en_bn",73221
"ncbi/MedCPT-Article-Encoder",73167
"albert/albert-large-v2",72740
"persiannlp/mt5-small-parsinlu-opus-translation_fa_en",72724
"Qwen/Qwen-Audio-Chat",72645
"ahotrod/electra_large_discriminator_squad2_512",72513
"TencentARC/InstantMesh",72397
"sadickam/sdg-classification-bert",72303
"cerspense/zeroscope_v2_576w",72208
"timm/swin_base_patch4_window7_224.ms_in22k_ft_in1k",72014
"TheBloke/Llama-2-7B-fp16",72000
"pkshatech/GLuCoSE-base-ja",71872
"casperhansen/llama-3-70b-instruct-awq",71834
"Systran/faster-whisper-medium",71554
"microsoft/beit-base-patch16-224",71507
"jinaai/jina-embeddings-v2-base-zh",71298
"google/vit-large-patch16-224-in21k",71079
"miqudev/miqu-1-70b",70889
"deepseek-ai/deepseek-coder-6.7b-instruct",70648
"meta-llama/Meta-Llama-Guard-2-8B",70584
"suno/bark-small",70334
"timm/visformer_small.in1k",70277
"sentence-transformers/paraphrase-distilroberta-base-v1",70200
"pierreguillou/ner-bert-base-cased-pt-lenerbr",70054
"flair/ner-english-large",70009
"01-ai/Yi-1.5-34B-Chat",69859
"microsoft/xclip-large-patch14",69705
"HooshvareLab/bert-fa-base-uncased",69650
"BM-K/KoDiffCSE-RoBERTa",69623
"NousResearch/Meta-Llama-3-8B-Instruct",69523
"Isotonic/deberta-v3-base_finetuned_ai4privacy_v2",69505
"Xenova/tiny-random-Phi3ForCausalLM",69451
"shenzhi-wang/Llama3-8B-Chinese-Chat-GGUF-8bit",69446
"benjamin/gpt2-wechsel-german",69406
"stabilityai/stable-cascade",69012
"mosaicml/mpt-7b",68997
"wangfuyun/AnimateLCM",68760
"comodoro/wav2vec2-xls-r-300m-cs-250",68697
"google/byt5-large",68558
"patrickvonplaten/t5-tiny-random",68434
"avsolatorio/GIST-small-Embedding-v0",68366
"timm/dpn107.mx_in1k",68203
"dmis-lab/biobert-base-cased-v1.2",68068
"timm/vit_large_patch14_reg4_dinov2.lvd142m",68015
"distilbert/distilbert-base-uncased-distilled-squad",67996
"ckpt/sd15",67868
"google-bert/bert-base-german-dbmdz-uncased",67836
"Helsinki-NLP/opus-mt-mul-en",67733
"SG161222/Realistic_Vision_V2.0",67656
"naver/efficient-splade-VI-BT-large-doc",67478
"PereLluis13/wav2vec2-xls-r-1b-ca-lm",67409
"StanfordAIMI/RadBERT",66926
"mistralai/Mistral-7B-v0.3",66762
"Helsinki-NLP/opus-mt-en-ar",66444
"MoritzLaurer/deberta-v3-large-zeroshot-v2.0",66203
"yikuan8/Clinical-Longformer",66086
"deepseek-ai/DeepSeek-V2-Chat",65975
"charsiu/en_w2v2_fc_10ms",65894
"lucyknada/microsoft_WizardLM-2-7B",65760
"dccuchile/bert-base-spanish-wwm-cased",65756
"TIGER-Lab/MAmmoTH2-7B",65695
"sonoisa/sentence-bert-base-ja-mean-tokens",65693
"anton-l/wav2vec2-random-tiny-classifier",65573
"NousResearch/Hermes-2-Pro-Llama-3-8B",65390
"Helsinki-NLP/opus-mt-en-id",65383
"microsoft/wavlm-base",65202
"stablediffusionapi/sdxl-unstable-diffusers-y",65180
"anuragshas/wav2vec2-large-xlsr-53-telugu",65112
"cledoux42/Ethnicity_Test_v003",64871
"pysentimiento/robertuito-hate-speech",64777
"textattack/bert-base-uncased-MNLI",64649
"dataautogpt3/OpenDalleV1.1",64622
"flair/ner-english-ontonotes-large",64561
"openmmlab/upernet-convnext-small",64506
"JackFram/llama-160m",64503
"OpenAssistant/reward-model-deberta-v3-large-v2",64473
"timm/gmlp_s16_224.ra3_in1k",64405
"eugenesiow/edsr-base",64360
"timm/convnext_base.fb_in22k_ft_in1k",64313
"microsoft/llmlingua-2-xlm-roberta-large-meetingbank",64268
"facebook/mask2former-swin-base-coco-panoptic",64171
"krnl/realisticVisionV51_v51VAE",63975
"bczhou/TinyLLaVA-2.0B-SigLIP",63757
"codellama/CodeLlama-7b-hf",63709
"sentence-transformers/clip-ViT-B-32-multilingual-v1",63689
"PulseWave/ACCOUNT-OWNERSHIP",63398
"Salesforce/moirai-1.0-R-base",63198
"timm/vit_large_patch16_384.augreg_in21k_ft_in1k",63179
"pszemraj/flan-t5-large-grammar-synthesis",63112
"hotchpotch/japanese-reranker-cross-encoder-xsmall-v1",63040
"colorfulscoop/sbert-base-ja",62968
"deepset/tinyroberta-squad2",62955
"alirezamsh/quip-512-mocha",62792
"FL33TW00D-HF/phi3",62640
"stabilityai/stable-video-diffusion-img2vid",62356
"facebook/opt-6.7b",62244
"bartowski/Hermes-2-Pro-Llama-3-8B-GGUF",62221
"timm/rexnet_100.nav_in1k",62190
"bigcode/starcoder2-3b",62148
"SimianLuo/LCM_Dreamshaper_v7",61887
"sentence-transformers/multi-qa-mpnet-base-cos-v1",61832
"Aryn/deformable-detr-DocLayNet",61196
"OrdalieTech/Solon-embeddings-large-0.1",61170
"internlm/internlm2-7b",61124
"vinai/xphonebert-base",61123
"transformersbook/pegasus-samsum",61097
"timm/mnasnet_100.rmsp_in1k",60909
"shibing624/text2vec-base-multilingual",60892
"playgroundai/playground-v2-1024px-aesthetic",60718
"Lykon/dreamshaper-xl-lightning",60700
"timm/regnety_002.pycls_in1k",60460
"timm/mobilevit_s.cvnets_in1k",60330
"timm/pnasnet5large.tf_in1k",60274
"cagliostrolab/animagine-xl-3.0",60160
"Yntec/epiCPhotoGasm",59717
"timm/vit_base_patch16_224.augreg_in21k",59624
"MaziyarPanahi/Llama-3-8B-Instruct-64k-GGUF",59599
"Dremmar/nsfw-xl",59575
"timm/resnest101e.in1k",59446
"timm/res2net101_26w_4s.in1k",59374
"jonatasgrosman/wav2vec2-large-xlsr-53-italian",59349
"IlyaGusev/saiga_llama3_8b",59338
"timm/beit_base_patch16_224.in22k_ft_in22k_in1k",59248
"madebyollin/taesdxl",59209
"rvv-karma/Human-Action-Recognition-VIT-Base-patch16-224",59099
"google/deplot",59071
